-- FIXME: DO NOT run this script as is. auth_project_viewer and 
-- auth_project_collaborator need to be updated, and we need to 
-- save the django tables they link to as well.

USE qraat; 

DELETE FROM auth_project_viewer; 
DELETE FROM auth_project_collaborator; 
DELETE FROM location; 
DELETE FROM deployment; 
DELETE FROM target; 
DELETE FROM tx_parameters; 
DELETE FROM tx; 
DELETE FROM tx_make_parameters; 
DELETE FROM tx_make; 
DELETE FROM project; 
DELETE FROM site; 

INSERT INTO `site` (ID, name, location, latitude, longitude, easting, northing, utm_zone_number, utm_zone_letter, elevation) VALUES 
   (1,'site1','Field Station',38.483052,-122.149580,574172.77,4259755.45,10,'S',394.02),
   (2,'site2','DFG Hill Tower',38.499708,-122.148620,574239.47,4261604.51,10,'S',363.50),
   (3,'site10','Dan\'s Repeater',38.499326,-122.139744,575013.86,4261569.32,10,'S',376.96),
   (4,'site13','Blue Oak Tower',38.491643,-122.152812,573882.15,4260706.17,10,'S',273.14),
   (5,'site20','QRWC Tower',38.491915,-122.136299,575321.92,4260749.75,10,'S',424.54),
   (6,'site21','Weaver Tower',38.492924,-122.142340,574794.06,4260856.82,10,'S',293.57),
   (8,'site39','SiteK',38.495187,-122.151417,574000.17,4261100.56,10,'S',199.29); 
ALTER TABLE `site` AUTO_INCREMENT = 9;

INSERT INTO tx_make (ID, manufacturer, model, demod_type) VALUES
  (1, 'Ben Kamen', 'Tuneable transmitter', 'pulse'),
  (2, 'ATS', 'M1520', 'pulse'),
  (3, 'ATS', 'M1450', 'pulse'),
  (4, 'Holohil', 'MI-2M(12)', 'pulse'); 
ALTER TABLE tx_make AUTO_INCREMENT = 5;

INSERT INTO tx_make_parameters (tx_makeID, name, value) VALUES
  (1, 'pulse_width', '20'), (1, 'pulse_rate', '60'), (1, 'band3', NULL), (1, 'band10', NULL), 
  (2, 'pulse_width', '15'), (2, 'pulse_rate', '25'), (2, 'band3', '150'), (2, 'band10', '900'), 
  (3, 'pulse_width', '15'), (3, 'pulse_rate', '23'), (3, 'band3', '150'), (3, 'band10', '900'),
  (4, 'pulse_width', '30'), (4, 'pulse_rate', '40'), (4, 'band3', NULL), (4, 'band10', NULL);
ALTER TABLE tx_make_parameters AUTO_INCREMENT = 17;

INSERT INTO `project` (ID, ownerID, name, description, is_public, is_hidden) VALUES 
  (1, 2, 'QRAAT', 'Project for general system use', False, False),
  (2, 2, 'QRAAT Calibration', 'Project for deployments involved with calibration.', False, False),
  (3, 4, 'Mice 2013', 'Mice on trapping grid, summer 2013', False, False),
  (4, 5, 'Woodrats Fall 2013', 'Woodrats tagged under site 2 from fall 2013 to spring 2014', False, False),
  (5, 5, 'Foxes', 'Foxes tagged May 2014', False, False),
  (6, 4, 'Mice 2014', 'Mice on trapping grid, summer 2014.', False, False),
  (7, 5, 'Woodrats Summer 2014', 'Woodrats on trapping grid, summer 2014.', False, False); 
ALTER TABLE `project` AUTO_INCREMENT = 8;

INSERT INTO tx (ID, name, serial_no, tx_makeID, projectID, frequency, is_hidden) VALUES
  (1, 'M164010', NULL, 3, 3, 164.01, 0),
  (2, 'M164017', NULL, 3, 3, 164.017, 0),
  (3, 'M164024', NULL, 3, 3, 164.024, 0),
  (4, 'M164033', NULL, 3, 3, 164.033, 0),
  (5, 'M164041', NULL, 3, 3, 164.041, 0),
  (6, 'M164048', NULL, 3, 3, 164.048, 0),
  (7, 'M164056', NULL, 3, 3, 164.056, 0),
  (8, 'M164065', NULL, 3, 3, 164.065, 0),
  (9, 'M164073', NULL, 3, 3, 164.073, 0),
  (10, 'M164081', NULL, 3, 3, 164.081, 0),
  (11, 'M164089', NULL, 3, 3, 164.089, 0),
  (12, 'M164097', NULL, 3, 3, 164.097, 0),
  (13, 'M164105', NULL, 3, 3, 164.105, 0),
  (14, 'M164113', NULL, 3, 3, 164.113, 0),
  (15, 'M164121', NULL, 3, 3, 164.121, 0),
  (16, 'M164130', NULL, 3, 3, 164.13, 0),
  (17, 'M164138', NULL, 3, 3, 164.138, 0),
  (18, 'M164145', NULL, 3, 3, 164.145, 0),
  (19, 'M164153', NULL, 3, 3, 164.153, 0),
  (20, 'M164162', NULL, 3, 3, 164.162, 0),
  (21, 'M164170', NULL, 3, 3, 164.17, 0),
  (22, 'M164177', NULL, 3, 3, 164.177, 0),
  (23, 'M164185', NULL, 3, 3, 164.185, 0),
  (24, 'M164194', NULL, 3, 3, 164.194, 0),
  (25, 'M164201', NULL, 3, 3, 164.201, 0),
  (26, 'M164210', NULL, 3, 3, 164.21, 0),
  (27, 'M164217', NULL, 3, 3, 164.217, 0),
  (28, 'M164225', NULL, 3, 3, 164.225, 0),
  (29, 'M164233', NULL, 3, 3, 164.233, 0),
  (30, 'M164241', NULL, 3, 3, 164.241, 0),
  (31, 'M164248', NULL, 3, 3, 164.248, 0),
  (32, 'M164256', NULL, 3, 3, 164.256, 0),
  (33, 'M164265', NULL, 3, 3, 164.265, 0),
  (34, 'M164273', NULL, 3, 3, 164.273, 0),
  (35, 'M164280', NULL, 3, 3, 164.28, 0),
  (36, 'M164289', NULL, 3, 3, 164.289, 0),
  (37, 'M164297', NULL, 3, 3, 164.297, 0),
  (38, 'M164305', NULL, 3, 3, 164.305, 0),
  (39, 'M164313', NULL, 3, 3, 164.313, 0),
  (40, 'M164321', NULL, 3, 3, 164.321, 0),
  (41, 'M164328', NULL, 3, 3, 164.328, 0),
  (42, 'M164336', NULL, 3, 3, 164.336, 0),
  (43, 'M164344', NULL, 3, 3, 164.344, 0),
  (44, 'M164352', NULL, 3, 3, 164.352, 0),
  (45, 'M164361', NULL, 3, 3, 164.361, 0),
  (46, 'M164369', NULL, 3, 3, 164.369, 0),
  (47, 'M164377', NULL, 3, 3, 164.377, 0),
  (48, 'M164384', NULL, 3, 3, 164.384, 0),
  (49, 'M164393', NULL, 3, 3, 164.393, 0),
  (50, 'M164400', NULL, 3, 3, 164.4, 0),
  (51, 'tuneable_tx', NULL, 1, 2, 164.5, 0),
  (52, 'F6394', NULL, 2, 4, 164.013, 0),
  (53, 'F6389', NULL, 2, 4, 164.023, 0),
  (54, 'F5792', NULL, 2, 4, 164.033, 0),
  (55, 'M6364', NULL, 2, 4, 164.042, 0),
  (56, 'M6322', NULL, 2, 4, 164.053, 0),
  (57, 'F6375', NULL, 2, 4, 164.061, 0),
  (58, 'F5210', NULL, 2, 4, 164.071, 0),
  (59, 'M5754', NULL, 2, 4, 164.083, 0),
  (60, 'Beacon', NULL, 1, 1, 164, 0),
  (61, 'woodrat1', NULL, 2, 1, 164.092, 0),
  (62, 'woodrat2', NULL, 2, 1, 164.103, 0),
  (63, NULL, '190785', 4, 5, 163.847, 0),
  (64, NULL, '190786', 4, 5, 163.874, 0),
  (65, NULL, '190787', 4, 5, 163.908, 0),
  (66, NULL, '190788', 4, 5, 163.921, 0),
  (67, NULL, '190789', 4, 5, 163.974, 0),
  (68, NULL, '190790', 4, 5, 163.997, 0),
  (69, 'M164407', NULL, 3, 6, 164.407, 0),
  (70, 'M164416', NULL, 3, 6, 164.416, 0),
  (71, 'M164432', NULL, 3, 6, 164.432, 0),
  (72, 'M164440', NULL, 3, 6, 164.44, 0),
  (73, 'M164448', NULL, 3, 6, 164.448, 0),
  (74, 'M164456', NULL, 3, 6, 164.456, 0),
  (75, 'M164464', NULL, 3, 6, 164.464, 0),
  (76, 'M164472', NULL, 3, 6, 164.472, 0),
  (77, 'M164480', NULL, 3, 6, 164.48, 0),
  (78, 'M164488', NULL, 3, 6, 164.488, 0),
  (79, 'M164496', NULL, 3, 6, 164.496, 0),
  (80, 'M164504', NULL, 3, 6, 164.504, 0),
  (81, 'M164512', NULL, 3, 6, 164.512, 0),
  (82, 'M164520', NULL, 3, 6, 164.52, 0),
  (83, 'M164528', NULL, 3, 6, 164.528, 0),
  (84, 'M164545', NULL, 3, 6, 164.545, 0),
  (85, 'M164553', NULL, 3, 6, 164.553, 0),
  (86, 'M164560', NULL, 3, 6, 164.56, 0),
  (87, 'M164568', NULL, 3, 6, 164.568, 0),
  (88, 'M164576', NULL, 3, 6, 164.576, 0),
  (89, 'M164584', NULL, 3, 6, 164.584, 0),
  (90, 'M164593', NULL, 3, 6, 164.593, 0),
  (91, 'M164601', NULL, 3, 6, 164.601, 0),
  (92, 'M164807', NULL, 3, 6, 164.807, 0),
  (93, 'M164816', NULL, 3, 6, 164.816, 0),
  (94, NULL, NULL, 2, 7, 164.008, 0), 
  (95, NULL, NULL, 2, 7, 164.016, 0), 
  (96, NULL, NULL, 2, 7, 164.024, 0), 
  (97, 'JF6379', NULL, 2, 7, 164.032, 0),
  (98, NULL, NULL, 2, 7, 164.04, 0), 
  (99, 'JF6381', NULL, 2, 7, 164.048, 0),
  (100, 'AF6377', NULL, 2, 7, 164.056, 0),
  (101, NULL, NULL, 2, 7, 164.072, 0), 
  (102, 'AF6382', NULL, 2, 7, 164.08, 0),
  (103, 'AM6384', NULL, 2, 7, 164.088, 0),
  (104, NULL, NULL, 2, 7, 164.12, 0), 
  (105, 'JM6378', NULL, 2, 7, 164.128, 0),
  (106, 'AF6376', NULL, 2, 7, 164.136, 0),
  (107, 'AM6380', NULL, 2, 7, 164.144, 0),
  (108, NULL, NULL, 2, 7, 164.152, 0), 
  (109, 'AM6383', NULL, 2, 7, 164.16, 0),
  (110, NULL, NULL, 2, 7, 164.168, 0), 
  (111, NULL, NULL, 2, 7, 164.176, 0), 
  (112, NULL, NULL, 2, 7, 164.184, 0),
  (113, NULL, NULL, 2, 7, 164.192, 0);
ALTER TABLE tx AUTO_INCREMENT = 114;

INSERT INTO tx_parameters (txID, name, value) VALUES
  (1, 'pulse_width', '15'), (1, 'pulse_rate', '23'), (1, 'band3', '150'), (1, 'band10', '900'),
  (2, 'pulse_width', '15'), (2, 'pulse_rate', '23'), (2, 'band3', '150'), (2, 'band10', '900'),
  (3, 'pulse_width', '15'), (3, 'pulse_rate', '23'), (3, 'band3', '150'), (3, 'band10', '900'),
  (4, 'pulse_width', '15'), (4, 'pulse_rate', '23'), (4, 'band3', '150'), (4, 'band10', '900'),
  (5, 'pulse_width', '15'), (5, 'pulse_rate', '23'), (5, 'band3', '150'), (5, 'band10', '900'),
  (6, 'pulse_width', '15'), (6, 'pulse_rate', '23'), (6, 'band3', '150'), (6, 'band10', '900'),
  (7, 'pulse_width', '15'), (7, 'pulse_rate', '23'), (7, 'band3', '150'), (7, 'band10', '900'),
  (8, 'pulse_width', '15'), (8, 'pulse_rate', '23'), (8, 'band3', '150'), (8, 'band10', '900'),
  (9, 'pulse_width', '15'), (9, 'pulse_rate', '23'), (9, 'band3', '150'), (9, 'band10', '900'),
  (10, 'pulse_width', '15'), (10, 'pulse_rate', '23'), (10, 'band3', '150'), (10, 'band10', '900'),
  (11, 'pulse_width', '15'), (11, 'pulse_rate', '23'), (11, 'band3', '150'), (11, 'band10', '900'),
  (12, 'pulse_width', '15'), (12, 'pulse_rate', '23'), (12, 'band3', '150'), (12, 'band10', '900'),
  (13, 'pulse_width', '15'), (13, 'pulse_rate', '23'), (13, 'band3', '150'), (13, 'band10', '900'),
  (14, 'pulse_width', '15'), (14, 'pulse_rate', '23'), (14, 'band3', '150'), (14, 'band10', '900'),
  (15, 'pulse_width', '15'), (15, 'pulse_rate', '23'), (15, 'band3', '150'), (15, 'band10', '900'),
  (16, 'pulse_width', '15'), (16, 'pulse_rate', '23'), (16, 'band3', '150'), (16, 'band10', '900'),
  (17, 'pulse_width', '15'), (17, 'pulse_rate', '23'), (17, 'band3', '150'), (17, 'band10', '900'),
  (18, 'pulse_width', '15'), (18, 'pulse_rate', '23'), (18, 'band3', '150'), (18, 'band10', '900'),
  (19, 'pulse_width', '15'), (19, 'pulse_rate', '23'), (19, 'band3', '150'), (19, 'band10', '900'),
  (20, 'pulse_width', '15'), (20, 'pulse_rate', '23'), (20, 'band3', '150'), (20, 'band10', '900'),
  (21, 'pulse_width', '15'), (21, 'pulse_rate', '23'), (21, 'band3', '150'), (21, 'band10', '900'),
  (22, 'pulse_width', '15'), (22, 'pulse_rate', '23'), (22, 'band3', '150'), (22, 'band10', '900'),
  (23, 'pulse_width', '15'), (23, 'pulse_rate', '23'), (23, 'band3', '150'), (23, 'band10', '900'),
  (24, 'pulse_width', '15'), (24, 'pulse_rate', '23'), (24, 'band3', '150'), (24, 'band10', '900'),
  (25, 'pulse_width', '15'), (25, 'pulse_rate', '23'), (25, 'band3', '150'), (25, 'band10', '900'),
  (26, 'pulse_width', '15'), (26, 'pulse_rate', '23'), (26, 'band3', '150'), (26, 'band10', '900'),
  (27, 'pulse_width', '15'), (27, 'pulse_rate', '23'), (27, 'band3', '150'), (27, 'band10', '900'),
  (28, 'pulse_width', '15'), (28, 'pulse_rate', '23'), (28, 'band3', '150'), (28, 'band10', '900'),
  (29, 'pulse_width', '15'), (29, 'pulse_rate', '23'), (29, 'band3', '150'), (29, 'band10', '900'),
  (30, 'pulse_width', '15'), (30, 'pulse_rate', '23'), (30, 'band3', '150'), (30, 'band10', '900'),
  (31, 'pulse_width', '15'), (31, 'pulse_rate', '23'), (31, 'band3', '150'), (31, 'band10', '900'),
  (32, 'pulse_width', '15'), (32, 'pulse_rate', '23'), (32, 'band3', '150'), (32, 'band10', '900'),
  (33, 'pulse_width', '15'), (33, 'pulse_rate', '23'), (33, 'band3', '150'), (33, 'band10', '900'),
  (34, 'pulse_width', '15'), (34, 'pulse_rate', '23'), (34, 'band3', '150'), (34, 'band10', '900'),
  (35, 'pulse_width', '15'), (35, 'pulse_rate', '23'), (35, 'band3', '150'), (35, 'band10', '900'),
  (36, 'pulse_width', '15'), (36, 'pulse_rate', '23'), (36, 'band3', '150'), (36, 'band10', '900'),
  (37, 'pulse_width', '15'), (37, 'pulse_rate', '23'), (37, 'band3', '150'), (37, 'band10', '900'),
  (38, 'pulse_width', '15'), (38, 'pulse_rate', '23'), (38, 'band3', '150'), (38, 'band10', '900'),
  (39, 'pulse_width', '15'), (39, 'pulse_rate', '23'), (39, 'band3', '150'), (39, 'band10', '900'),
  (40, 'pulse_width', '15'), (40, 'pulse_rate', '23'), (40, 'band3', '150'), (40, 'band10', '900'),
  (41, 'pulse_width', '15'), (41, 'pulse_rate', '23'), (41, 'band3', '150'), (41, 'band10', '900'),
  (42, 'pulse_width', '15'), (42, 'pulse_rate', '23'), (42, 'band3', '150'), (42, 'band10', '900'),
  (43, 'pulse_width', '15'), (43, 'pulse_rate', '23'), (43, 'band3', '150'), (43, 'band10', '900'),
  (44, 'pulse_width', '15'), (44, 'pulse_rate', '23'), (44, 'band3', '150'), (44, 'band10', '900'),
  (45, 'pulse_width', '15'), (45, 'pulse_rate', '23'), (45, 'band3', '150'), (45, 'band10', '900'),
  (46, 'pulse_width', '15'), (46, 'pulse_rate', '23'), (46, 'band3', '150'), (46, 'band10', '900'),
  (47, 'pulse_width', '15'), (47, 'pulse_rate', '23'), (47, 'band3', '150'), (47, 'band10', '900'),
  (48, 'pulse_width', '15'), (48, 'pulse_rate', '23'), (48, 'band3', '150'), (48, 'band10', '900'),
  (49, 'pulse_width', '15'), (49, 'pulse_rate', '23'), (49, 'band3', '150'), (49, 'band10', '900'),
  (50, 'pulse_width', '15'), (50, 'pulse_rate', '23'), (50, 'band3', '150'), (50, 'band10', '900'),
  (51, 'pulse_width', '20'), (51, 'pulse_rate', '60'), (51, 'band3', NULL), (51, 'band10', NULL),
  (52, 'pulse_width', '19'), (52, 'pulse_rate', '23'), (52, 'band3', '150'), (52, 'band10', '900'),
  (53, 'pulse_width', '19'), (53, 'pulse_rate', '23'), (53, 'band3', '150'), (53, 'band10', '900'),
  (54, 'pulse_width', '19'), (54, 'pulse_rate', '23'), (54, 'band3', '150'), (54, 'band10', '900'),
  (55, 'pulse_width', '19'), (55, 'pulse_rate', '23'), (55, 'band3', '150'), (55, 'band10', '900'),
  (56, 'pulse_width', '19'), (56, 'pulse_rate', '23'), (56, 'band3', '150'), (56, 'band10', '900'),
  (57, 'pulse_width', '19'), (57, 'pulse_rate', '23'), (57, 'band3', '150'), (57, 'band10', '900'),
  (58, 'pulse_width', '19'), (58, 'pulse_rate', '23'), (58, 'band3', '150'), (58, 'band10', '900'),
  (59, 'pulse_width', '19'), (59, 'pulse_rate', '23'), (59, 'band3', '150'), (59, 'band10', '900'),
  (60, 'pulse_width', '20'), (60, 'pulse_rate', '60'), (60, 'band3', NULL), (60, 'band10', NULL),
  (61, 'pulse_width', '19'), (61, 'pulse_rate', '23'), (61, 'band3', '150'), (61, 'band10', '900'),
  (62, 'pulse_width', '19'), (62, 'pulse_rate', '23'), (62, 'band3', '150'), (62, 'band10', '900'),
  (63, 'pulse_width', '30'), (63, 'pulse_rate', '39.6'), (63, 'band3', NULL), (63, 'band10', NULL),
  (64, 'pulse_width', '30'), (64, 'pulse_rate', '39.6'), (64, 'band3', NULL), (64, 'band10', NULL),
  (65, 'pulse_width', '30'), (65, 'pulse_rate', '39'), (65, 'band3', NULL), (65, 'band10', NULL),
  (66, 'pulse_width', '30'), (66, 'pulse_rate', '39.6'), (66, 'band3', NULL), (66, 'band10', NULL),
  (67, 'pulse_width', '30'), (67, 'pulse_rate', '40.2'), (67, 'band3', NULL), (67, 'band10', NULL),
  (68, 'pulse_width', '30'), (68, 'pulse_rate', '39.6'), (68, 'band3', NULL), (68, 'band10', NULL),
  (69, 'pulse_width', '17'), (69, 'pulse_rate', '17'), (69, 'band3', '150'), (69, 'band10', '900'),
  (70, 'pulse_width', '17'), (70, 'pulse_rate', '17'), (70, 'band3', '150'), (70, 'band10', '900'),
  (71, 'pulse_width', '17'), (71, 'pulse_rate', '17'), (71, 'band3', '150'), (71, 'band10', '900'),
  (72, 'pulse_width', '17'), (72, 'pulse_rate', '17'), (72, 'band3', '150'), (72, 'band10', '900'),
  (73, 'pulse_width', '17'), (73, 'pulse_rate', '17'), (73, 'band3', '150'), (73, 'band10', '900'),
  (74, 'pulse_width', '17'), (74, 'pulse_rate', '17'), (74, 'band3', '150'), (74, 'band10', '900'),
  (75, 'pulse_width', '17'), (75, 'pulse_rate', '17'), (75, 'band3', '150'), (75, 'band10', '900'),
  (76, 'pulse_width', '17'), (76, 'pulse_rate', '17'), (76, 'band3', '150'), (76, 'band10', '900'),
  (77, 'pulse_width', '17'), (77, 'pulse_rate', '17'), (77, 'band3', '150'), (77, 'band10', '900'),
  (78, 'pulse_width', '17'), (78, 'pulse_rate', '17'), (78, 'band3', '150'), (78, 'band10', '900'),
  (79, 'pulse_width', '17'), (79, 'pulse_rate', '17'), (79, 'band3', '150'), (79, 'band10', '900'),
  (80, 'pulse_width', '17'), (80, 'pulse_rate', '17'), (80, 'band3', '150'), (80, 'band10', '900'),
  (81, 'pulse_width', '17'), (81, 'pulse_rate', '17'), (81, 'band3', '150'), (81, 'band10', '900'),
  (82, 'pulse_width', '17'), (82, 'pulse_rate', '17'), (82, 'band3', '150'), (82, 'band10', '900'),
  (83, 'pulse_width', '17'), (83, 'pulse_rate', '17'), (83, 'band3', '150'), (83, 'band10', '900'),
  (84, 'pulse_width', '17'), (84, 'pulse_rate', '17'), (84, 'band3', '150'), (84, 'band10', '900'),
  (85, 'pulse_width', '17'), (85, 'pulse_rate', '17'), (85, 'band3', '150'), (85, 'band10', '900'),
  (86, 'pulse_width', '17'), (86, 'pulse_rate', '17'), (86, 'band3', '150'), (86, 'band10', '900'),
  (87, 'pulse_width', '17'), (87, 'pulse_rate', '17'), (87, 'band3', '150'), (87, 'band10', '900'),
  (88, 'pulse_width', '17'), (88, 'pulse_rate', '17'), (88, 'band3', '150'), (88, 'band10', '900'),
  (89, 'pulse_width', '17'), (89, 'pulse_rate', '17'), (89, 'band3', '150'), (89, 'band10', '900'),
  (90, 'pulse_width', '17'), (90, 'pulse_rate', '17'), (90, 'band3', '150'), (90, 'band10', '900'),
  (91, 'pulse_width', '17'), (91, 'pulse_rate', '17'), (91, 'band3', '150'), (91, 'band10', '900'),
  (92, 'pulse_width', '17'), (92, 'pulse_rate', '17'), (92, 'band3', '150'), (92, 'band10', '900'),
  (93, 'pulse_width', '17'), (93, 'pulse_rate', '17'), (93, 'band3', '150'), (93, 'band10', '900'),
  (94, 'pulse_width', '15'), (94, 'pulse_rate', '25'), (94, 'band3', '150'), (94, 'band10', '900'),
  (95, 'pulse_width', '15'), (95, 'pulse_rate', '25'), (95, 'band3', '150'), (95, 'band10', '900'),
  (96, 'pulse_width', '15'), (96, 'pulse_rate', '25'), (96, 'band3', '150'), (96, 'band10', '900'),
  (97, 'pulse_width', '15'), (97, 'pulse_rate', '25'), (97, 'band3', '150'), (97, 'band10', '900'),
  (98, 'pulse_width', '15'), (98, 'pulse_rate', '25'), (98, 'band3', '150'), (98, 'band10', '900'),
  (99, 'pulse_width', '15'), (99, 'pulse_rate', '25'), (99, 'band3', '150'), (99, 'band10', '900'),
  (100, 'pulse_width', '15'), (100, 'pulse_rate', '25'), (100, 'band3', '150'), (100, 'band10', '900'),
  (101, 'pulse_width', '15'), (101, 'pulse_rate', '25'), (101, 'band3', '150'), (101, 'band10', '900'),
  (102, 'pulse_width', '15'), (102, 'pulse_rate', '25'), (102, 'band3', '150'), (102, 'band10', '900'),
  (103, 'pulse_width', '15'), (103, 'pulse_rate', '25'), (103, 'band3', '150'), (103, 'band10', '900'),
  (104, 'pulse_width', '15'), (104, 'pulse_rate', '25'), (104, 'band3', '150'), (104, 'band10', '900'),
  (105, 'pulse_width', '15'), (105, 'pulse_rate', '25'), (105, 'band3', '150'), (105, 'band10', '900'),
  (106, 'pulse_width', '15'), (106, 'pulse_rate', '25'), (106, 'band3', '150'), (106, 'band10', '900'),
  (107, 'pulse_width', '15'), (107, 'pulse_rate', '25'), (107, 'band3', '150'), (107, 'band10', '900'),
  (108, 'pulse_width', '15'), (108, 'pulse_rate', '25'), (108, 'band3', '150'), (108, 'band10', '900'),
  (109, 'pulse_width', '15'), (109, 'pulse_rate', '25'), (109, 'band3', '150'), (109, 'band10', '900'),
  (110, 'pulse_width', '15'), (110, 'pulse_rate', '25'), (110, 'band3', '150'), (110, 'band10', '900'),
  (111, 'pulse_width', '15'), (111, 'pulse_rate', '25'), (111, 'band3', '150'), (111, 'band10', '900'),
  (112, 'pulse_width', '15'), (112, 'pulse_rate', '25'), (112, 'band3', '150'), (112, 'band10', '900'),
  (113, 'pulse_width', '15'), (113, 'pulse_rate', '25'), (113, 'band3', '150'), (113, 'band10', '900');
ALTER TABLE tx AUTO_INCREMENT = 453;

INSERT INTO `target` (ID, name, description, projectID, max_speed_family, 
                      speed_burst, speed_sustained, speed_limit, is_hidden) VALUES 
  (1,'Gator','Early calibration runs were done with a 4x4 on the reserve trails.',1,'const',NULL,NULL,2.5,0),
  (2,'A','Martin, Mouse',3,'exp',0.25,0.1,0,0),
  (3,'B','Mouse',3,'exp',0.25,0.1,0,0),
  (4,'C','Mouse',3,'exp',0.25,0.1,0,0),
  (5,'D','Mouse',3,'exp',0.25,0.1,0,0),
  (6,'E','Mouse',3,'exp',0.25,0.1,0,0),
  (7,'F','Mouse',3,'exp',0.25,0.1,0,0),
  (8,'F6394','Female Woodrat',4,'exp',0.25,0.1,0,0),
  (9,'F6389','Female Woodrat',4,'exp',0.25,0.1,0,0),
  (10,'F5792','Female Woodrat',4,'exp',0.25,0.1,0,0),
  (11,'M6364','Male Woodrat',4,'exp',0.25,0.1,0,0),
  (13,'M6322','Male Woodrat',4,'exp',0.25,0.1,0,0),
  (14,'F5210','Female Woodrat',4,'exp',0.25,0.1,0,0),
  (15,'M5754','Male Woodrat',4,'exp',0.25,0.1,0,0),
  (16,'woodrat1','Human walking test. (\"Woodrat\" is a misnomer.)',1,'linear',2,0.5,0.1,0),
  (17,'woodrat2','Human walking test. (\"Woodrat\" is a misnomer.)',1,'linear',2,0.5,0.1,0),
  (21,'M164407','Mouse',6,'exp',0.25,0.1,0,0),
  (22,'M164416','Mouse',6,'exp',0.25,0.1,0,0),
  (23,'M164448','Mouse',6,'exp',0.25,0.1,0,0),
  (24,'M164456','Mouse',6,'exp',0.25,0.1,0,0),
  (25,'M164464','Mouse',6,'exp',0.25,0.1,0,0),
  (26,'M164472','Mouse',6,'exp',0.25,0.1,0,0),
  (27,'M164480','Mouse',6,'exp',0.25,0.1,0,0),
  (28,'QR9','Male Fox',5,'exp',2,0.25,0.05,0),
  (29,'QR10','Female Fox',5,'exp',2,0.25,0.05,0),
  (30,'QR1','Male Fox, priviously caught',5,'exp',2,0.25,0.05,0),
  (31,'JF6379','Juvenile Female Woodrat',7,'exp',0.25,0.1,0,0),
  (32,'JF6381','Juvenile Female Woodrat',7,'exp',0.25,0.1,0,0),
  (33,'AF6377','Adult Female Woodrat',7,'exp',0.25,0.1,0,0),
  (34,'AF6382 (dep102)','Adult Female Woodrat',7,'exp',0.25,0.1,0,0),
  (35,'AM6384','Adult Male Woodrat',7,'exp',0.25,0.1,0,0),
  (36,'JM6378','Juvenile Male Woodrat',7,'exp',0.25,0.1,0,0),
  (37,'AF6376','Adult Female Woodrat',7,'exp',0.25,0.1,0,0),
  (38,'AM6380','Adult Male Woodrat',7,'exp',0.25,0.1,0,0),
  (39,'AM6383','Adult Male Woodrat',7,'exp',0.25,0.1,0,0);
ALTER TABLE `target` AUTO_INCREMENT = 40;  

INSERT INTO deployment (ID, name, description, time_start, time_end, txID, targetID, projectID, is_active, is_hidden) VALUES
  (1, NULL, NULL, 1372489200, NULL, 1, 2, 3, 0, 0),
  (2, NULL, NULL, 1372575600, NULL, 2, 3, 3, 0, 0),
  (3, NULL, NULL, 1372489200, NULL, 3, 4, 3, 0, 0),
  (4, NULL, 'Recaptured without collar, Re-collared', NULL, NULL, 4, 2, 3, 0, 0),
  (5, NULL, 'Recaptured without collar, Re-collared', NULL, NULL, 5, 3, 3, 0, 0),
  (6, NULL, NULL, 1373266800, 1375686000, 6, 5, 3, 0, 0),
  (8, NULL, 'Recaptured without collar again, Re-collared', NULL, NULL, 8, 2, 3, 0, 0),
  (9, NULL, NULL, 1373612400, 1375772400, 9, 6, 3, 0, 0),
  (12, NULL, NULL, 1374044400, 1375513200, 12, 7, 3, 0, 0),
  (51, NULL, 'Initial calibration run with test transmitter in gator with Garmin GPS', 1376420400, 1376442000, 51, 1, 2, 0, 0),
  (52, NULL, NULL, 1380697200, NULL, 52, 8, 4, 0, 0),
  (53, NULL, NULL, 1380697200, NULL, 53, 9, 4, 0, 0),
  (54, NULL, NULL, 1380697200, 1399842000, 54, 10, 4, 0, 0),
  (55, NULL, NULL, 1380697200, 1397372400, 55, 11, 4, 0, 0),
  (56, NULL, NULL, 1380697200, 1397372400, 56, 13, 4, 0, 0),
  (58, NULL, NULL, 1380697200, NULL, 58, 14, 4, 0, 0),
  (59, NULL, NULL, 1380697200, NULL, 59, 15, 4, 0, 0),
  (60, NULL, 'Beacon transmitter at site 34', 1383012000, 1384527600, 60, 1, 1, 0, 0),
  (61, NULL, 'Walking test with woodrat transmitter and garmin GPS', 1391241600, 1396767600, 61, 16, 1, 0, 0), -- combined deployment dates
  (62, NULL, 'Walking test with woodrat transmitter and garmin GPS', 1391241600, 1396767600, 62, 17, 1, 0, 0), -- combined deployment dates
  (69, NULL, NULL, 1401433200, 1403895600, 69, 21, 6, 0, 0),
  (70, NULL, NULL, 1401433200, 1403545200, 70, 22, 6, 0, 0),
  (73, NULL, NULL, 1401433200, 1403031600, 73, 23, 6, 0, 0),
  (74, NULL, NULL, 1401433200, 1402945200, 74, 24, 6, 0, 0),
  (75, NULL, NULL, 1401692400, 1403118000, 75, 25, 6, 0, 0),
  (76, NULL, NULL, 1403893800, NULL, 76, 26, 6, 0, 0),
  (77, NULL, NULL, 1401433200, 1403895600, 77, 27, 6, 0, 0),
  (63, NULL, NULL, 1400331600, NULL, 63, 28, 5, 1, 0),
  (64, NULL, NULL, 1400331600, NULL, 64, 29, 5, 1, 0),
  (68, NULL, NULL, 1400418000, NULL, 68, 30, 5, 1, 0),
  (97, NULL, NULL, 1403960400, NULL, 97, 31, 7, 1, 0),
  (99, NULL, NULL, 1403960400, NULL, 99, 32, 7, 0, 0),
  (100, NULL, NULL, 1403960400, NULL, 100, 33, 7, 1, 0),
  (102, NULL, NULL, 1403960400, NULL, 102, 34, 7, 1, 0),
  (103, NULL, NULL, 1403960400, NULL, 103, 35, 7, 1, 0),
  (105, NULL, NULL, 1403960400, NULL, 105, 36, 7, 1, 0),
  (106, NULL, NULL, 1403960400, NULL, 106, 37, 7, 1, 0),
  (107, NULL, NULL, 1403960400, NULL, 107, 38, 7, 1, 0),
  (109, NULL, NULL, 1403960400, NULL, 109, 39, 7, 1, 0);
ALTER TABLE `deployment` AUTO_INCREMENT = 110;  
 
INSERT INTO `location` (ID, projectID, name, description, location, latitude, longitude, easting, northing, 
                            utm_zone_number, utm_zone_letter, elevation, is_hidden) VALUES 
   (7, 1, 'server', NULL, 'Field Station',38.483052,-122.149580,574172.77,4259755.45,10,'S',394.02,0),
   (9, 1, 'site34', NULL, 'Decker Canyon, Beacon TX',38.493453,-122.148040,574296.45,4260910.87,10,'S',174.19,0),
   (10, 1, 'center', NULL, 'Center for position estimation',0.000000,0.000000,574500.00,4260500.00,10,'S',0.00,0);
ALTER TABLE `location` AUTO_INCREMENT = 11;

INSERT INTO `auth_project_collaborator` (ID, groupID, projectID) VALUES
  (9,2,1),
  (10,4,2),
  (11,6,3),
  (12,8,4),
  (13,10,5),
  (14,12,6),
  (15,14,7);
ALTER TABLE `auth_project_collaborator` AUTO_INCREMENT = 16;

INSERT INTO `auth_project_viewer` (ID, groupID, projectID) VALUES
  (8,1,1),
  (9,3,2),
  (11,5,4),
  (10,7,3),
  (12,9,5),
  (13,11,6),
  (14,13,7);
ALTER TABLE `auth_project_viewer` AUTO_INCREMENT = 15;
